model,data,problems,acc,base_acc,diff,ci_lo,ci_hi
qwen1.5b-chainrl-8-lr5e-6-150__actor_global_step100_n8,math500,500,74.12,73.95,0.1,-0.95,1.12
qwen1.5b-chainrl-8-lr5e-6-150__actor_global_step100_n8,amc,83,44.5,45.03,-0.75,-3.92,2.56
qwen1.5b-chainrl-8-lr5e-6-150__actor_global_step100_n8,omni,499,27.0,26.68,0.33,-0.63,1.35
qwen1.5b-chainrl-8-lr5e-6-150__actor_global_step100_n8,all,1082,50.12,49.93,0.14,-0.58,0.84
qwen1.5b-chainrl-8-lr5e-6-150__actor_global_step150_n8,math500,500,73.83,73.95,-0.12,-1.2,1.03
qwen1.5b-chainrl-8-lr5e-6-150__actor_global_step150_n8,amc,83,45.78,45.03,0.75,-1.81,3.31
qwen1.5b-chainrl-8-lr5e-6-150__actor_global_step150_n8,omni,499,26.33,26.68,-0.35,-1.3,0.65
qwen1.5b-chainrl-8-lr5e-6-150__actor_global_step150_n8,all,1082,49.77,49.93,-0.16,-0.9,0.54
qwen1.5b-chainrl-8-lr5e-6-150__actor_global_step50_n8,math500,500,73.85,73.95,-0.1,-1.18,0.95
qwen1.5b-chainrl-8-lr5e-6-150__actor_global_step50_n8,amc,83,47.29,45.03,2.26,-1.05,5.87
qwen1.5b-chainrl-8-lr5e-6-150__actor_global_step50_n8,omni,499,26.65,26.68,-0.03,-1.05,1.03
qwen1.5b-chainrl-8-lr5e-6-150__actor_global_step50_n8,all,1082,50.05,49.93,0.12,-0.64,0.84
qwen1.5b-grpo-8-lr5e-6-150__actor_global_step50_n8,math500,500,73.78,73.95,-0.18,-1.23,0.9
qwen1.5b-grpo-8-lr5e-6-150__actor_global_step50_n8,amc,83,44.73,45.03,-0.3,-3.31,3.01
qwen1.5b-grpo-8-lr5e-6-150__actor_global_step50_n8,omni,499,26.1,26.68,-0.58,-1.5,0.4
qwen1.5b-grpo-8-lr5e-6-150__actor_global_step50_n8,all,1082,49.56,49.93,-0.37,-1.04,0.34
qwen1.5b-treerl-6-2-1-2-lr5e-6-150__actor_global_step100_n8,math500,500,74.15,73.95,0.2,-0.97,1.35
qwen1.5b-treerl-6-2-1-2-lr5e-6-150__actor_global_step100_n8,amc,83,44.73,45.03,-0.3,-3.31,2.86
qwen1.5b-treerl-6-2-1-2-lr5e-6-150__actor_global_step100_n8,omni,499,27.03,26.68,0.35,-0.63,1.4
qwen1.5b-treerl-6-2-1-2-lr5e-6-150__actor_global_step100_n8,all,1082,50.16,49.93,0.23,-0.51,0.94
qwen1.5b-treerl-6-2-1-2-lr5e-6-150__actor_global_step150_n8,math500,500,74.9,73.95,0.95,-0.25,2.08
qwen1.5b-treerl-6-2-1-2-lr5e-6-150__actor_global_step150_n8,amc,83,48.19,45.03,3.16,-0.3,6.63
qwen1.5b-treerl-6-2-1-2-lr5e-6-150__actor_global_step150_n8,omni,499,27.2,26.68,0.53,-0.48,1.58
qwen1.5b-treerl-6-2-1-2-lr5e-6-150__actor_global_step150_n8,all,1082,50.85,49.93,0.92,0.2,1.69
qwen1.5b-treerl-6-2-1-2-lr5e-6-150__actor_global_step50_n8,math500,500,74.3,73.95,0.35,-0.65,1.32
qwen1.5b-treerl-6-2-1-2-lr5e-6-150__actor_global_step50_n8,amc,83,46.54,45.03,1.51,-1.51,4.52
qwen1.5b-treerl-6-2-1-2-lr5e-6-150__actor_global_step50_n8,omni,499,26.5,26.68,-0.18,-1.13,0.8
qwen1.5b-treerl-6-2-1-2-lr5e-6-150__actor_global_step50_n8,all,1082,50.13,49.93,0.2,-0.45,0.87
