run,step,pass_at_1,pass_rate,reward,policy_loss,grad_norm,response_length,response_entropy,response_overlong_ratio,generate_time,rollout_time
qwen1.5b-chainrl-8-lr5e-6-150,1,0.46875,0.875,-4.6566128730773926e-09,-6.572622805833817e-05,0.003345224540680647,908.078125,0.10994338989257812,1.0,50.63616943359375,54.565311431884766
qwen1.5b-chainrl-8-lr5e-6-150,2,0.53125,1.0,1.909211277961731e-08,3.6745332181453705e-05,0.21556860813871026,920.5,0.19507217407226562,1.0,13.932389259338379,16.69903564453125
qwen1.5b-chainrl-8-lr5e-6-150,3,0.375,1.0,-1.1175870895385742e-08,0.00018985755741596222,0.3089273478835821,776.90625,0.14038467407226562,1.0,12.111753463745117,14.230168342590332
qwen1.5b-chainrl-8-lr5e-6-150,4,0.609375,1.0,-6.05359673500061e-09,6.171036511659622e-05,0.3384070973843336,724.171875,0.11972427368164062,1.0,9.728767395019531,11.827336311340332
qwen1.5b-chainrl-8-lr5e-6-150,5,0.4375,0.75,-7.450580596923828e-09,0.015655565075576305,0.28196346503682435,848.484375,0.11486053466796875,0.984375,15.216510772705078,17.998083114624023
qwen1.5b-chainrl-8-lr5e-6-150,6,0.59375,1.0,-7.450580596923828e-09,-9.284913539886475e-05,0.18964853114448488,713.25,0.17819976806640625,1.0,11.115570068359375,13.075687408447266
qwen1.5b-chainrl-8-lr5e-6-150,7,0.390625,0.75,1.7695128917694092e-08,-1.9288621842861176e-05,0.33628840232267976,738.53125,0.15325927734375,1.0,11.638484001159668,13.595473289489746
qwen1.5b-chainrl-8-lr5e-6-150,8,0.40625,0.875,-1.7695128917694092e-08,0.01555823627859354,0.2132099070586264,721.46875,0.12575531005859375,0.984375,14.618389129638672,17.248943328857422
qwen1.5b-chainrl-8-lr5e-6-150,9,0.578125,1.0,-1.7695128917694092e-08,1.7609912902116776e-05,0.21283423900604248,932.171875,0.12165260314941406,1.0,15.225008964538574,17.96926498413086
qwen1.5b-chainrl-8-lr5e-6-150,10,0.515625,1.0,3.259629011154175e-09,-4.8966147005558014e-05,0.25580084207467735,938.5,0.11491775512695312,1.0,13.85503101348877,16.276424407958984
qwen1.5b-chainrl-8-lr5e-6-150,11,0.453125,1.0,2.3283064365386963e-09,0.03352414770051837,0.15077546588145196,801.59375,0.17367172241210938,0.953125,15.52785873413086,18.354814529418945
qwen1.5b-chainrl-8-lr5e-6-150,12,0.25,0.75,-1.257285475730896e-08,0.022298873402178288,0.2656507380306721,1016.8125,0.09698867797851562,0.96875,16.778642654418945,19.659753799438477
qwen1.5b-chainrl-8-lr5e-6-150,13,0.421875,0.75,-1.3969838619232178e-08,1.6236677765846252e-05,0.1535201403312385,668.25,0.2361888885498047,1.0,8.782207489013672,10.565643310546875
qwen1.5b-chainrl-8-lr5e-6-150,14,0.515625,1.0,-1.5366822481155396e-08,-5.797995254397392e-05,0.2711415474768728,872.8125,0.089630126953125,1.0,14.080085754394531,16.952035903930664
qwen1.5b-chainrl-8-lr5e-6-150,15,0.328125,0.625,-3.3527612686157227e-08,-0.013355156406760216,0.20271278684958816,952.296875,0.2646970748901367,0.96875,15.946004867553711,18.791826248168945
qwen1.5b-chainrl-8-lr5e-6-150,16,0.59375,1.0,-5.122274160385132e-09,1.3838056474924088e-05,0.16946369619108737,804.375,0.10308837890625,1.0,13.641998291015625,15.775736808776855
qwen1.5b-chainrl-8-lr5e-6-150,17,0.671875,1.0,1.0244548320770264e-08,0.006775573827326298,0.29810669063590467,791.546875,0.158203125,0.984375,14.75495719909668,17.046106338500977
qwen1.5b-chainrl-8-lr5e-6-150,18,0.5,1.0,1.5832483768463135e-08,-1.360476016998291e-05,0.2478108210489154,776.765625,0.10404586791992188,1.0,11.164259910583496,13.701641082763672
qwen1.5b-chainrl-8-lr5e-6-150,19,0.546875,1.0,6.51925802230835e-09,-0.0022353949025273323,0.23317652312107384,696.96875,0.18277359008789062,0.984375,14.312052726745605,17.054800033569336
qwen1.5b-chainrl-8-lr5e-6-150,20,0.4375,0.75,-1.3969838619232178e-09,2.2304710000753403e-05,0.3360172160901129,790.296875,0.135345458984375,1.0,12.654638290405273,15.330059051513672
qwen1.5b-chainrl-8-lr5e-6-150,21,0.4375,0.625,-5.122274160385132e-09,-2.8796959668397903e-05,0.2209298114757985,727.4375,0.1119842529296875,1.0,10.443641662597656,12.32309341430664
qwen1.5b-chainrl-8-lr5e-6-150,22,0.578125,0.75,-6.51925802230835e-09,6.928527727723122e-05,0.17885603429749608,769.9375,0.18065261840820312,1.0,13.548004150390625,15.612115859985352
qwen1.5b-chainrl-8-lr5e-6-150,23,0.421875,1.0,-1.862645149230957e-09,1.3226177543401718e-05,0.18723781616427004,890.21875,0.129547119140625,1.0,13.124369621276855,15.686359405517578
qwen1.5b-chainrl-8-lr5e-6-150,24,0.46875,1.0,1.1175870895385742e-08,6.843730807304382e-05,0.3206460475921631,722.25,0.10415267944335938,1.0,10.922674179077148,12.803689956665039
qwen1.5b-chainrl-8-lr5e-6-150,25,0.1875,0.5,9.313225746154785e-10,6.697326898574829e-05,0.22263813158497214,894.0625,0.503265380859375,1.0,15.576555252075195,17.95502471923828
qwen1.5b-chainrl-8-lr5e-6-150,26,0.453125,1.0,1.816079020500183e-08,-4.975730553269386e-05,0.25911845290102065,854.828125,0.13240814208984375,1.0,15.035943031311035,17.815319061279297
qwen1.5b-chainrl-8-lr5e-6-150,27,0.53125,1.0,2.7008354663848877e-08,-4.093628376722336e-05,0.2389453942887485,1039.28125,0.1559600830078125,1.0,15.948525428771973,18.978713989257812
qwen1.5b-chainrl-8-lr5e-6-150,28,0.4375,0.875,-1.5832483768463135e-08,0.011149386409670115,0.18547282740473747,887.265625,0.1116943359375,0.984375,15.416901588439941,18.27688217163086
qwen1.5b-chainrl-8-lr5e-6-150,29,0.46875,0.875,-1.3504177331924438e-08,-2.6491470634937286e-06,0.23779745330102742,772.71875,0.11221694946289062,1.0,14.077981948852539,16.186660766601562
qwen1.5b-chainrl-8-lr5e-6-150,30,0.359375,0.875,-1.5832483768463135e-08,0.02226143702864647,0.3326534489169717,799.984375,0.24065017700195312,0.96875,15.030576705932617,17.449440002441406
qwen1.5b-chainrl-8-lr5e-6-150,31,0.359375,0.75,-9.313225746154785e-10,-1.7167534679174423e-05,0.26590272900648415,811.796875,0.12772369384765625,1.0,12.124755859375,14.937753677368164
qwen1.5b-chainrl-8-lr5e-6-150,32,0.609375,1.0,-2.3748725652694702e-08,-0.004623193293809891,0.20252662734128535,879.28125,0.110687255859375,0.96875,15.409029960632324,18.19393539428711
qwen1.5b-chainrl-8-lr5e-6-150,33,0.53125,0.875,-3.725290298461914e-09,-4.553515464067459e-05,0.24564578174613416,964.0,0.10205078125,1.0,13.262847900390625,16.02536392211914
qwen1.5b-chainrl-8-lr5e-6-150,34,0.453125,0.75,-1.955777406692505e-08,-4.61796298623085e-05,0.21869537280872464,809.4375,0.1176300048828125,1.0,13.239566802978516,15.712907791137695
qwen1.5b-chainrl-8-lr5e-6-150,35,0.640625,1.0,2.7939677238464355e-09,-6.486056372523308e-05,0.2473357510752976,831.75,0.1113128662109375,1.0,11.526891708374023,14.057086944580078
qwen1.5b-chainrl-8-lr5e-6-150,36,0.53125,1.0,-1.210719347000122e-08,-8.50665383040905e-05,0.21807045373134315,633.375,0.15919876098632812,1.0,9.329795837402344,11.30819034576416
qwen1.5b-chainrl-8-lr5e-6-150,37,0.578125,0.75,1.862645149230957e-09,-8.851010352373123e-05,0.3126659719273448,886.203125,0.0985269546508789,1.0,14.342123031616211,16.990575790405273
qwen1.5b-chainrl-8-lr5e-6-150,38,0.28125,0.875,-1.6298145055770874e-08,-1.3721641153097153e-05,0.19278295896947384,777.265625,0.12619400024414062,1.0,12.708174705505371,15.13398265838623
qwen1.5b-chainrl-8-lr5e-6-150,39,0.140625,0.75,4.656612873077393e-10,2.0508654415607452e-05,0.219380971044302,786.34375,0.14208602905273438,1.0,12.692275047302246,14.89822769165039
qwen1.5b-chainrl-8-lr5e-6-150,40,0.46875,1.0,0.0,2.8220005333423615e-05,0.16658461303450167,975.34375,0.10172271728515625,1.0,14.558120727539062,17.418603897094727
qwen1.5b-chainrl-8-lr5e-6-150,41,0.40625,0.75,-5.122274160385132e-09,-4.6333298087120056e-05,0.1966119899880141,884.75,0.16129684448242188,1.0,19.204692840576172,21.772478103637695
qwen1.5b-chainrl-8-lr5e-6-150,42,0.421875,1.0,-2.1420419216156006e-08,0.00673035578802228,0.2224514086265117,1130.375,0.08889961242675781,0.984375,16.90021514892578,20.105430603027344
qwen1.5b-chainrl-8-lr5e-6-150,43,0.453125,0.875,-1.3969838619232178e-08,6.441306322813034e-05,0.16151002352125943,1024.640625,0.10452651977539062,1.0,15.035602569580078,17.955646514892578
qwen1.5b-chainrl-8-lr5e-6-150,44,0.375,0.75,9.313225746154785e-10,2.3546628654003143e-05,0.24832282029092312,706.75,0.20946884155273438,1.0,9.581831932067871,11.821877479553223
qwen1.5b-chainrl-8-lr5e-6-150,45,0.484375,0.875,-1.0244548320770264e-08,-0.0022644633427262306,0.2719298782758415,815.328125,0.2662315368652344,0.984375,15.290139198303223,17.617950439453125
qwen1.5b-chainrl-8-lr5e-6-150,46,0.265625,0.5,8.381903171539307e-09,0.031267826911062,0.5407402398996055,826.578125,0.14958953857421875,0.96875,15.298213005065918,18.132503509521484
qwen1.5b-chainrl-8-lr5e-6-150,47,0.515625,0.75,4.190951585769653e-09,-0.006640269886702299,0.1934308677446097,911.546875,0.13174819946289062,0.984375,20.334815979003906,23.28553009033203
qwen1.5b-chainrl-8-lr5e-6-150,48,0.21875,0.875,-1.3504177331924438e-08,0.026733743026852608,0.19598875800147653,1027.234375,0.1287384033203125,0.96875,16.168519973754883,19.24806022644043
qwen1.5b-chainrl-8-lr5e-6-150,49,0.390625,0.875,-1.210719347000122e-08,0.006740485783666372,0.2083557373844087,855.109375,0.25267791748046875,0.984375,15.624680519104004,17.860294342041016
qwen1.5b-chainrl-8-lr5e-6-150,50,0.359375,0.625,-1.862645149230957e-08,0.006692296359688044,0.19403208163566887,1075.0,0.10998725891113281,0.984375,16.211597442626953,19.415874481201172
qwen1.5b-chainrl-8-lr5e-6-150,51,0.4375,0.875,2.3283064365386963e-09,0.03129609255120158,0.1888565425761044,975.5,0.2550010681152344,0.96875,15.846553802490234,18.473392486572266
qwen1.5b-chainrl-8-lr5e-6-150,52,0.40625,1.0,-1.4901161193847656e-08,0.022263758815824986,0.29233472933992743,801.28125,0.10158538818359375,0.96875,15.22636604309082,17.484529495239258
qwen1.5b-chainrl-8-lr5e-6-150,53,0.65625,1.0,-2.8870999813079834e-08,0.00011148862540721893,0.19730962091125548,903.140625,0.11080741882324219,1.0,13.803070068359375,16.414867401123047
qwen1.5b-chainrl-8-lr5e-6-150,54,0.53125,1.0,2.0489096641540527e-08,-0.00015458697453141212,0.24487451766617596,923.109375,0.23637962341308594,1.0,15.509588241577148,18.290987014770508
qwen1.5b-chainrl-8-lr5e-6-150,55,0.375,0.875,2.561137080192566e-08,0.0022348491474986076,0.3562980368733406,837.03125,0.4060688018798828,0.984375,18.386459350585938,21.302993774414062
qwen1.5b-chainrl-8-lr5e-6-150,56,0.40625,0.875,-1.816079020500183e-08,0.013377978466451168,0.21970520890317857,959.71875,0.11270713806152344,0.96875,15.64564323425293,18.22742462158203
qwen1.5b-chainrl-8-lr5e-6-150,57,0.53125,1.0,4.190951585769653e-09,0.01120140915736556,0.20522804255597293,762.296875,0.6995162963867188,0.984375,15.482839584350586,17.809978485107422
qwen1.5b-chainrl-8-lr5e-6-150,58,0.296875,0.75,-5.587935447692871e-09,0.010934530757367611,0.32771439757198095,700.609375,0.12526321411132812,0.984375,14.377555847167969,16.998863220214844
qwen1.5b-chainrl-8-lr5e-6-150,59,0.453125,0.75,1.4435499906539917e-08,0.00015671644359827042,0.26444603432901204,851.453125,0.09271430969238281,1.0,11.963808059692383,13.93309497833252
qwen1.5b-chainrl-8-lr5e-6-150,60,0.421875,0.75,-7.916241884231567e-09,0.01336757792159915,0.1800639466382563,902.265625,0.16379928588867188,0.96875,15.577753067016602,18.38231086730957
qwen1.5b-chainrl-8-lr5e-6-150,61,0.4375,0.875,1.210719347000122e-08,0.00014984933659434319,0.23519233148545027,897.21875,0.09802627563476562,1.0,12.623139381408691,14.926385879516602
qwen1.5b-chainrl-8-lr5e-6-150,62,0.75,1.0,7.450580596923828e-09,-6.133690476417542e-05,0.20794454868882895,879.65625,0.13976478576660156,1.0,12.434244155883789,14.865909576416016
qwen1.5b-chainrl-8-lr5e-6-150,63,0.484375,0.875,-6.05359673500061e-09,-7.200706750154495e-05,0.23495172359980643,866.578125,0.13164138793945312,1.0,11.926765441894531,14.691191673278809
qwen1.5b-chainrl-8-lr5e-6-150,64,0.453125,0.875,0.0,1.911027356982231e-05,0.21431657578796148,809.90625,0.09154701232910156,1.0,11.317349433898926,13.214696884155273
qwen1.5b-chainrl-8,1,0.359375,0.75,-4.6566128730773926e-09,-0.00016288459300994873,0.003155612386763096,613.140625,0.15073013305664062,1.0,46.900394439697266,50.86823272705078
qwen1.5b-chainrl-8,2,0.484375,0.875,-1.7229467630386353e-08,0.00011446373537182808,0.20269851526245475,822.84375,0.17827987670898438,1.0,20.432737350463867,23.25294303894043
qwen1.5b-chainrl-8,3,0.53125,1.0,9.313225746154785e-10,-1.4010351151227951e-05,0.24821242061443627,756.203125,0.10649871826171875,1.0,12.397513389587402,14.65932559967041
qwen1.5b-chainrl-8,4,0.640625,1.0,-4.190951585769653e-09,3.7929974496364594e-05,0.18178719491697848,804.5625,0.09680938720703125,1.0,12.80438232421875,15.56621265411377
qwen1.5b-chainrl-8,5,0.65625,0.875,6.984919309616089e-09,0.00011094845831394196,0.2176390215754509,832.265625,0.10358047485351562,1.0,11.93816089630127,14.30458927154541
qwen1.5b-chainrl-8,6,0.421875,0.875,9.313225746154785e-09,-7.116701453924179e-06,0.21624195016920567,821.109375,0.22891616821289062,1.0,13.411009788513184,15.622241020202637
qwen1.5b-chainrl-8,7,0.40625,0.75,3.725290298461914e-09,9.274110198020935e-06,0.3019365023355931,836.375,0.10422515869140625,1.0,14.704398155212402,17.101152420043945
qwen1.5b-chainrl-8,8,0.5,0.875,-4.190951585769653e-09,-8.268095552921295e-05,0.2001646643038839,851.046875,0.10345458984375,1.0,13.248159408569336,15.656866073608398
qwen1.5b-chainrl-8,9,0.40625,1.0,-9.313225746154785e-10,0.0001645376905798912,0.21354369586333632,877.484375,0.14998245239257812,1.0,12.546292304992676,14.801137924194336
qwen1.5b-chainrl-8,10,0.4375,0.75,1.5832483768463135e-08,5.7042110711336136e-05,0.2856947625987232,708.03125,0.12267303466796875,1.0,11.569845199584961,13.379035949707031
qwen1.5b-chainrl-8,11,0.59375,0.875,1.955777406692505e-08,0.004544160328805447,0.30099304439499974,900.65625,0.08977890014648438,0.96875,15.897680282592773,18.797622680664062
qwen1.5b-chainrl-8,12,0.34375,0.75,-1.1175870895385742e-08,5.420763045549393e-05,0.19260897138155997,841.40625,0.11677169799804688,1.0,14.779290199279785,17.253326416015625
qwen1.5b-chainrl-8,13,0.4375,0.875,-6.51925802230835e-09,2.6155728846788406e-05,0.2319366366136819,821.140625,0.14354324340820312,1.0,11.023200988769531,13.100159645080566
qwen1.5b-chainrl-8,14,0.546875,1.0,-1.1641532182693481e-08,-7.839221507310867e-05,0.28360017016530037,897.5625,0.2394256591796875,1.0,12.096307754516602,14.383269309997559
qwen1.5b-chainrl-8,15,0.421875,0.75,-5.587935447692871e-09,0.00014573801308870316,0.4519117041490972,757.03125,0.14557266235351562,1.0,10.66897201538086,12.793085098266602
qwen1.5b-chainrl-8,16,0.328125,0.875,-1.4901161193847656e-08,4.395283758640289e-05,0.21394680975936353,1012.6875,0.12069892883300781,1.0,15.92013931274414,18.713748931884766
qwen1.5b-chainrl-8,17,0.734375,1.0,2.421438694000244e-08,-2.7027446776628494e-05,0.23775118892081082,901.546875,0.09767723083496094,1.0,18.74484634399414,21.45039939880371
qwen1.5b-chainrl-8,18,0.4375,0.875,6.984919309616089e-09,-1.6544479876756668e-05,0.13221958559006453,771.84375,0.16926193237304688,1.0,11.898377418518066,14.053038597106934
qwen1.5b-chainrl-8,19,0.421875,0.875,-1.3969838619232178e-09,-0.011116507928818464,0.39075178373605013,872.9375,0.1088094711303711,0.984375,17.134178161621094,19.887006759643555
qwen1.5b-chainrl-8,20,0.4375,0.75,-4.6566128730773926e-09,0.013465466909110546,0.22356521477922797,948.703125,0.2000579833984375,0.96875,17.87779998779297,20.710941314697266
qwen1.5b-chainrl-8,21,0.421875,0.75,9.313225746154785e-10,0.031222781632095575,0.2727275511715561,898.625,0.2172393798828125,0.96875,17.298259735107422,20.483226776123047
qwen1.5b-chainrl-8,22,0.4375,1.0,-5.587935447692871e-09,-1.7842277884483337e-05,0.16148318257182837,918.6875,0.09593582153320312,1.0,15.196855545043945,17.5328426361084
qwen1.5b-chainrl-8,23,0.40625,0.75,-1.257285475730896e-08,-4.886463284492493e-05,0.1841556983999908,858.953125,0.1618499755859375,1.0,15.87293815612793,18.40338897705078
qwen1.5b-chainrl-8,24,0.4375,1.0,-1.0244548320770264e-08,-0.0022492636926472187,0.2195480593945831,803.171875,0.10503005981445312,0.984375,15.047582626342773,17.17734718322754
qwen1.5b-chainrl-8,25,0.46875,0.75,-4.6566128730773926e-09,0.015651979949325323,0.2836478278040886,790.40625,0.12401962280273438,0.984375,14.873289108276367,17.35311508178711
qwen1.5b-chainrl-8,26,0.578125,0.875,-1.210719347000122e-08,0.015585212036967278,0.2972165201790631,896.734375,0.09541893005371094,0.984375,15.844308853149414,18.80143928527832
qwen1.5b-chainrl-8,27,0.3125,0.625,8.847564458847046e-09,-5.9279147535562515e-05,0.24058695323765278,807.625,0.12197113037109375,1.0,13.58119010925293,15.899534225463867
qwen1.5b-chainrl-8,28,0.25,0.75,4.656612873077393e-10,-3.932509571313858e-06,0.21176308626309037,897.359375,0.10492706298828125,1.0,13.774628639221191,16.103759765625
qwen1.5b-chainrl-8,29,0.21875,0.625,-2.7939677238464355e-09,0.015492299105972052,0.19231916265562177,845.96875,0.14134597778320312,0.984375,15.044988632202148,17.672008514404297
qwen1.5b-chainrl-8,30,0.40625,0.75,-1.0244548320770264e-08,-0.006641088053584099,0.22945825546048582,827.140625,0.1301116943359375,0.984375,14.895511627197266,17.60960578918457
qwen1.5b-chainrl-8,31,0.515625,0.875,-2.1420419216156006e-08,-0.0022052600979804993,0.19345202902331948,886.890625,0.11210250854492188,0.984375,15.126373291015625,17.931991577148438
qwen1.5b-chainrl-8,32,0.296875,0.75,-1.5366822481155396e-08,0.01120826043188572,0.23217597138136625,831.9375,0.21660614013671875,0.984375,15.232173919677734,17.73802375793457
qwen1.5b-chainrl-8,33,0.3125,0.875,9.313225746154785e-09,-6.353715434670448e-05,0.22585337446071208,834.234375,0.13342666625976562,1.0,12.346654891967773,14.403444290161133
qwen1.5b-chainrl-8,34,0.5625,1.0,-1.862645149230957e-09,0.02235461864620447,0.2570436280220747,848.25,0.09508323669433594,0.96875,15.086935997009277,17.65687370300293
qwen1.5b-chainrl-8,35,0.46875,0.875,-4.6566128730773926e-09,-0.002036317717283964,0.23316241009160876,819.5625,0.26007843017578125,0.984375,15.346602439880371,17.637178421020508
qwen1.5b-chainrl-8,36,0.328125,0.875,1.6298145055770874e-08,0.002134190872311592,0.3654413567855954,866.8125,0.14270401000976562,0.984375,15.6580810546875,18.446958541870117
qwen1.5b-chainrl-8,37,0.421875,1.0,2.421438694000244e-08,0.00012992415577173233,0.2238366436213255,821.15625,0.19268035888671875,1.0,14.863117218017578,17.405500411987305
qwen1.5b-chainrl-8,38,0.53125,1.0,2.7939677238464355e-09,4.0389131754636765e-05,0.4009879953227937,870.890625,0.21904373168945312,1.0,12.698200225830078,15.521525382995605
qwen1.5b-chainrl-8,39,0.578125,0.875,-7.916241884231567e-09,5.409121513366699e-05,0.29429391818121076,799.4375,0.13382720947265625,1.0,14.59717082977295,17.36602783203125
qwen1.5b-chainrl-8,40,0.453125,0.875,1.210719347000122e-08,-1.0748393833637238e-05,0.18887894228100777,764.859375,0.13080406188964844,1.0,11.435053825378418,13.652567863464355
qwen1.5b-grpo-8-lr5e-6-150,1,0.453125,0.875,1.0244548320770264e-08,0.01563056744635105,0.0028849951922893524,984.484375,0.09844589233398438,0.984375,55.19334411621094,59.633583068847656
qwen1.5b-grpo-8-lr5e-6-150,2,0.46875,0.875,-1.5366822481155396e-08,0.021250729449093342,0.18606505868956447,953.453125,0.13969039916992188,0.9375,15.757120132446289,18.91861343383789
qwen1.5b-grpo-8-lr5e-6-150,3,0.484375,1.0,6.51925802230835e-09,-9.50964167714119e-05,0.27686363086104393,715.140625,0.16023635864257812,1.0,11.165582656860352,13.339699745178223
qwen1.5b-grpo-8-lr5e-6-150,4,0.53125,1.0,-1.3969838619232178e-09,-4.32971864938736e-06,0.339182554744184,655.453125,0.1212005615234375,1.0,8.898077011108398,11.293367385864258
qwen1.5b-grpo-8-lr5e-6-150,5,0.359375,0.75,-1.3969838619232178e-09,-2.4199485778808594e-05,0.29221002920530736,902.796875,0.11344528198242188,1.0,14.784154891967773,18.02798080444336
qwen1.5b-grpo-8-lr5e-6-150,6,0.671875,1.0,-6.51925802230835e-09,-3.1045638024806976e-05,0.1599424364976585,733.671875,0.1337890625,1.0,13.27513313293457,16.045879364013672
qwen1.5b-grpo-8-lr5e-6-150,7,0.328125,0.75,0.0,4.1019637137651443e-05,0.23940469976514578,760.71875,0.14363670349121094,1.0,12.262182235717773,14.261785507202148
qwen1.5b-grpo-8-lr5e-6-150,8,0.421875,0.875,3.259629011154175e-09,7.746415212750435e-05,0.17601696983911097,689.0625,0.11931228637695312,1.0,10.50012493133545,12.447070121765137
qwen1.5b-grpo-8-lr5e-6-150,9,0.5,1.0,-6.05359673500061e-09,-0.00014893757179379463,0.22743265377357602,902.21875,0.11917877197265625,0.984375,15.41784954071045,18.029233932495117
qwen1.5b-grpo-8-lr5e-6-150,10,0.515625,0.75,1.3969838619232178e-09,9.751599282026291e-05,0.2623413542751223,942.703125,0.10358810424804688,1.0,14.655559539794922,17.89392852783203
qwen1.5b-grpo-8-lr5e-6-150,11,0.484375,0.875,-3.725290298461914e-09,-0.025877819396555424,0.19312699721194804,746.0625,0.18060302734375,0.984375,14.572490692138672,16.756685256958008
qwen1.5b-grpo-8-lr5e-6-150,12,0.265625,0.75,4.190951585769653e-09,0.006612853147089481,0.26451111352071166,1001.359375,0.13878250122070312,0.984375,18.14106559753418,21.07933235168457
qwen1.5b-grpo-8-lr5e-6-150,13,0.4375,0.625,1.0244548320770264e-08,-1.006200909614563e-05,0.23331006802618504,715.515625,0.18719863891601562,1.0,9.335269927978516,11.63573932647705
qwen1.5b-grpo-8-lr5e-6-150,14,0.5,1.0,6.51925802230835e-09,0.00011855596676468849,0.20004161191172898,879.015625,0.0989837646484375,1.0,12.519389152526855,14.852006912231445
qwen1.5b-grpo-8-lr5e-6-150,15,0.375,0.75,2.7939677238464355e-09,0.007105732336640358,0.20637367106974125,915.0625,0.21688270568847656,0.96875,15.243532180786133,17.999284744262695
qwen1.5b-grpo-8-lr5e-6-150,16,0.546875,0.875,-6.51925802230835e-09,-0.01143457880243659,0.18126349081285298,796.671875,0.1030731201171875,0.984375,15.172751426696777,17.595827102661133
qwen1.5b-grpo-8-lr5e-6-150,17,0.65625,1.0,0.0,5.1037874072790146e-05,0.2622345620766282,781.90625,0.15085983276367188,1.0,13.609094619750977,16.453861236572266
qwen1.5b-grpo-8-lr5e-6-150,18,0.453125,0.875,1.3969838619232178e-09,0.00016306806355714798,0.26362973591312766,819.9375,0.12228775024414062,1.0,11.547064781188965,14.49846076965332
qwen1.5b-grpo-8-lr5e-6-150,19,0.671875,1.0,4.6566128730773926e-09,-0.00015716301277279854,0.21961989998817444,677.0,0.18836593627929688,0.96875,14.331624984741211,16.798686981201172
qwen1.5b-grpo-8-lr5e-6-150,20,0.390625,0.875,-1.862645149230957e-09,0.0035897069610655308,0.37214029720053077,776.0625,0.16477584838867188,0.984375,14.615099906921387,16.728771209716797
qwen1.5b-grpo-8-lr5e-6-150,21,0.359375,0.625,-6.984919309616089e-09,6.038695573806763e-05,0.29231964610517025,729.984375,0.12065887451171875,1.0,10.043617248535156,12.266368865966797
qwen1.5b-grpo-8-lr5e-6-150,22,0.5,0.75,1.862645149230957e-09,7.385388016700745e-05,0.16857260488905013,744.59375,0.22202682495117188,1.0,13.04843807220459,15.93073844909668
qwen1.5b-grpo-8-lr5e-6-150,23,0.421875,0.875,-7.450580596923828e-09,-8.178502321243286e-05,0.21699104248546064,885.671875,0.12558364868164062,1.0,11.74616813659668,14.306982040405273
qwen1.5b-grpo-8-lr5e-6-150,24,0.53125,1.0,-7.450580596923828e-09,8.274754509329796e-05,0.26085200463421643,732.484375,0.10862350463867188,1.0,10.213644981384277,12.107346534729004
qwen1.5b-grpo-8-lr5e-6-150,25,0.3125,0.75,-1.816079020500183e-08,0.00011673243716359138,0.23604251281358302,873.5,0.40891265869140625,1.0,14.700310707092285,17.033784866333008
qwen1.5b-grpo-8-lr5e-6-150,26,0.484375,0.875,1.862645149230957e-09,-0.004495822358876467,0.3479975117370486,836.28125,0.13816070556640625,0.984375,39.13408660888672,44.90993118286133
qwen1.5b-grpo-8-lr5e-6-150,27,0.5625,0.875,-1.1175870895385742e-08,4.781829193234444e-05,0.21414440963417292,1030.78125,0.11085128784179688,1.0,37.084632873535156,41.7388801574707
qwen1.5b-grpo-8-lr5e-6-150,28,0.3125,0.625,-4.190951585769653e-09,-0.00012156926095485687,0.17862758855335414,865.171875,0.12210464477539062,1.0,36.254364013671875,42.26039123535156
qwen1.5b-grpo-8-lr5e-6-150,29,0.515625,0.875,-1.1641532182693481e-08,0.0001543033868074417,0.22451927629299462,712.875,0.11043167114257812,1.0,34.23844909667969,38.39079284667969
qwen1.5b-grpo-8-lr5e-6-150,30,0.265625,0.875,-2.7939677238464355e-09,0.0035242289304733276,0.2589766075834632,803.59375,0.2662544250488281,0.984375,37.48092269897461,42.75949478149414
qwen1.5b-grpo-8,1,0.3125,0.625,-2.7939677238464355e-09,-4.014698788523674e-05,0.0033564427867531776,624.125,0.15418243408203125,1.0,74.06793212890625,78.74156951904297
qwen1.5b-grpo-8,2,0.546875,1.0,-2.3283064365386963e-09,-0.00010146619752049446,0.21639437833800912,761.609375,0.201873779296875,1.0,11.915974617004395,14.07863998413086
qwen1.5b-grpo-8,3,0.578125,0.875,-1.0710209608078003e-08,-1.1432450264692307e-05,0.3129722182638943,764.4375,0.114593505859375,1.0,13.847062110900879,16.280925750732422
qwen1.5b-grpo-8,4,0.625,0.875,-5.122274160385132e-09,8.204160258173943e-05,0.11978798313066363,817.46875,0.08977508544921875,1.0,12.33708667755127,15.129575729370117
qwen1.5b-grpo-8,5,0.53125,0.875,-1.5832483768463135e-08,-2.9884744435548782e-05,0.21668439963832498,803.765625,0.11156463623046875,1.0,12.409493446350098,14.425924301147461
qwen1.5b-grpo-8,6,0.328125,0.875,1.1175870895385742e-08,5.054613575339317e-05,0.2539889672771096,823.96875,0.2152080535888672,1.0,13.230721473693848,15.712340354919434
qwen1.5b-grpo-8,7,0.53125,0.75,2.3283064365386963e-09,-4.9456022679805756e-05,0.2306893535424024,834.546875,0.09831619262695312,1.0,13.874215126037598,16.443105697631836
qwen1.5b-grpo-8,8,0.40625,0.875,-3.725290298461914e-09,-3.5400502383708954e-05,0.12226153211668134,850.15625,0.11055374145507812,1.0,13.415315628051758,16.78395652770996
qwen1.5b-grpo-8,9,0.4375,1.0,-1.3969838619232178e-08,1.4849472790956497e-05,0.24579470907337964,916.125,0.1478099822998047,1.0,13.41878604888916,15.977707862854004
qwen1.5b-grpo-8,10,0.484375,0.75,-1.3969838619232178e-09,3.758212551474571e-05,0.293014096096158,695.796875,0.12248039245605469,1.0,10.88668441772461,12.655725479125977
qwen1.5b-grpo-8,11,0.546875,0.875,-3.259629011154175e-09,0.003449629992246628,0.2910155795980245,863.03125,0.09195327758789062,0.984375,15.282095909118652,17.9315185546875
qwen1.5b-grpo-8,12,0.375,0.875,-6.51925802230835e-09,0.006697730161249638,0.1872548561077565,819.8125,0.12549209594726562,0.984375,14.909263610839844,17.460681915283203
qwen1.5b-grpo-8,13,0.453125,0.875,-1.0710209608078003e-08,5.55356964468956e-05,0.2528077377937734,825.9375,0.1479473114013672,1.0,11.493415832519531,14.001160621643066
qwen1.5b-grpo-8,14,0.5,0.875,2.7939677238464355e-09,5.472451448440552e-05,0.25718308286741376,920.59375,0.16172409057617188,1.0,12.976107597351074,15.701106071472168
qwen1.5b-grpo-8,15,0.4375,0.875,3.725290298461914e-09,-9.695906192064285e-05,0.218145803315565,787.25,0.15599441528320312,1.0,11.26374340057373,13.933218955993652
qwen1.5b-grpo-8,16,0.328125,0.875,1.4435499906539917e-08,0.006581097841262817,0.24494885304011405,1019.984375,0.10994529724121094,0.984375,15.99850082397461,18.880935668945312
qwen1.5b-grpo-8,17,0.640625,1.0,-5.587935447692871e-09,0.0035531697794795036,0.21107312408275902,894.9375,0.10882949829101562,0.984375,20.58260154724121,23.38123893737793
qwen1.5b-grpo-8,18,0.53125,0.875,7.450580596923828e-09,9.76957380771637e-06,0.18916306481696665,809.609375,0.179046630859375,1.0,12.361716270446777,14.393643379211426
qwen1.5b-grpo-8,19,0.421875,0.875,1.862645149230957e-09,0.005283036734908819,0.42052571079693735,900.8125,0.12021732330322266,0.96875,15.669554710388184,18.462589263916016
qwen1.5b-grpo-8,20,0.5,0.875,-4.656612873077393e-10,7.453374564647675e-05,0.2282632989808917,929.796875,0.16766357421875,1.0,14.188253402709961,16.853992462158203
qwen1.5b-grpo-8,21,0.375,0.75,5.587935447692871e-09,0.0036046840250492096,0.1922168042510748,879.3125,0.176055908203125,0.984375,16.225271224975586,19.41739273071289
qwen1.5b-grpo-8,22,0.5,1.0,9.313225746154785e-10,6.75097107887268e-05,0.16664632293395698,955.8125,0.09455108642578125,1.0,13.89420223236084,16.442296981811523
qwen1.5b-grpo-8,23,0.40625,1.0,1.7695128917694092e-08,-0.00011557945981621742,0.19335915567353368,877.9375,0.14428329467773438,1.0,15.335407257080078,18.162601470947266
qwen1.5b-grpo-8,24,0.4375,1.0,-6.51925802230835e-09,0.019474648404866457,0.28357635578140616,836.484375,0.11149215698242188,0.96875,15.735604286193848,17.84027862548828
qwen1.5b-grpo-8,25,0.484375,0.75,-8.381903171539307e-09,0.03126547858119011,0.2776445506606251,821.0625,0.1695232391357422,0.96875,15.36053466796875,17.549678802490234
qwen1.5b-grpo-8,26,0.5625,1.0,-4.656612873077393e-10,0.009742113295942545,0.18814044445753098,869.953125,0.09088516235351562,0.984375,15.105188369750977,17.808658599853516
qwen1.5b-grpo-8,27,0.328125,0.75,1.4435499906539917e-08,-2.5313347578048706e-05,0.2267102615442127,797.78125,0.11057281494140625,1.0,13.563127517700195,16.330352783203125
qwen1.5b-grpo-8,28,0.21875,0.875,4.190951585769653e-09,-1.6159377992153168e-05,0.21191979688592255,948.640625,0.10333251953125,1.0,13.330732345581055,15.770594596862793
qwen1.5b-grpo-8,29,0.25,0.75,-1.4435499906539917e-08,0.013319151941686869,0.19350516353733838,908.171875,0.13849639892578125,0.96875,15.329720497131348,18.131118774414062
qwen1.5b-grpo-8,30,0.3125,0.75,7.916241884231567e-09,-1.2087635695934296e-05,0.18940741941332817,840.203125,0.13660621643066406,1.0,11.959272384643555,14.780515670776367
qwen1.5b-grpo-8,31,0.5,1.0,2.0954757928848267e-08,0.006562295835465193,0.20169277698732913,879.234375,0.1134033203125,0.984375,15.271872520446777,18.080053329467773
qwen1.5b-grpo-8,32,0.234375,0.625,9.313225746154785e-09,-1.1751428246498108e-05,0.22946811350993812,820.84375,0.35613250732421875,1.0,13.513082504272461,15.690287590026855
qwen1.5b-grpo-8,33,0.25,0.875,1.0244548320770264e-08,-0.00013457005843520164,0.23654470359906554,816.703125,0.12985610961914062,1.0,12.304996490478516,14.637165069580078
qwen1.5b-grpo-8,34,0.546875,0.875,-6.51925802230835e-09,0.006988778710365295,0.2648555275518447,799.453125,0.10023880004882812,0.96875,15.173805236816406,17.973716735839844
qwen1.5b-grpo-8,35,0.328125,0.75,-4.656612873077393e-10,0.0035569597966969013,0.184595295926556,816.90625,0.17549896240234375,0.984375,15.137024879455566,17.961820602416992
qwen1.5b-grpo-8,36,0.25,0.75,-1.3969838619232178e-09,2.072751522064209e-05,0.295133784878999,880.359375,0.14963531494140625,1.0,15.358641624450684,17.852020263671875
qwen1.5b-grpo-8,37,0.390625,0.75,2.3283064365386963e-09,0.006655827164649963,0.2129599153995514,854.953125,0.16887664794921875,0.984375,15.454130172729492,18.283971786499023
qwen1.5b-grpo-8,38,0.453125,1.0,3.725290298461914e-09,0.009584585670381784,0.3401629072614014,894.078125,0.1994171142578125,0.984375,15.924939155578613,18.736793518066406
qwen1.5b-grpo-8,39,0.625,1.0,1.3969838619232178e-09,0.01641324767842889,0.2842414313927293,820.125,0.13334274291992188,0.96875,15.202240943908691,17.767959594726562
qwen1.5b-grpo-8,40,0.515625,0.875,4.6566128730773926e-09,3.6444514989852905e-05,0.2656564356293529,757.265625,0.1345043182373047,1.0,11.53010368347168,13.75217342376709
qwen1.5b-treerl-6-2-1-2-lr5e-6-150,1,0.46875,0.875,0.07935110921243904,-0.07935639980132692,0.0022257836535573006,969.0625,0.09720993041992188,1.0,70.43340301513672,74.26961517333984
qwen1.5b-treerl-6-2-1-2-lr5e-6-150,2,0.453125,1.0,0.13161920080892742,-0.13170467008603737,0.14305751584470272,942.953125,0.18961334228515625,1.0,36.06657791137695,38.88690185546875
qwen1.5b-treerl-6-2-1-2-lr5e-6-150,3,0.5,1.0,0.11007279218756594,-0.11007058463292196,0.18329754611477256,799.828125,0.19009017944335938,1.0,28.45885467529297,30.669713973999023
qwen1.5b-treerl-6-2-1-2-lr5e-6-150,4,0.578125,1.0,-0.006487042875960469,0.006575822830200195,0.30779938492923975,719.34375,0.15381240844726562,1.0,24.03199005126953,26.34123992919922
qwen1.5b-treerl-6-2-1-2-lr5e-6-150,5,0.40625,0.875,0.0586506178988202,-0.058647202951760846,0.3051542348694056,885.046875,0.14394760131835938,1.0,29.722644805908203,31.801313400268555
qwen1.5b-treerl-6-2-1-2-lr5e-6-150,6,0.703125,1.0,0.11570883943932131,-0.1114413216128014,0.14014185476116836,766.5625,0.1339569091796875,0.984375,26.531251907348633,29.233030319213867
qwen1.5b-treerl-6-2-1-2-lr5e-6-150,7,0.453125,0.75,0.058555970987072214,-0.05853173756622709,0.18650506855919957,718.890625,0.15446853637695312,1.0,30.886123657226562,32.771976470947266
qwen1.5b-treerl-6-2-1-2-lr5e-6-150,8,0.40625,1.0,0.0829081317060627,-0.0828600557288155,0.13671212876215577,684.34375,0.13440704345703125,1.0,23.78792381286621,25.68757438659668
qwen1.5b-treerl-6-2-1-2-lr5e-6-150,9,0.65625,1.0,0.0905347435909789,-0.09055393814924173,0.17731309006921947,836.765625,0.15779495239257812,1.0,31.680416107177734,34.067901611328125
qwen1.5b-treerl-6-2-1-2-lr5e-6-150,10,0.5625,1.0,0.05639092254568823,-0.05633246249635704,0.21412548725493252,970.921875,0.10154342651367188,1.0,27.82206153869629,30.743295669555664
qwen1.5b-treerl-6-2-1-2-lr5e-6-150,11,0.46875,1.0,0.04407341263140552,-0.03381851568701677,0.13704293663613498,766.03125,0.168853759765625,0.984375,31.053909301757812,33.24188232421875
qwen1.5b-treerl-6-2-1-2-lr5e-6-150,12,0.328125,1.0,0.04774902987992391,-0.04773760144598782,0.17884842050261796,946.140625,0.3032798767089844,1.0,34.42953109741211,37.15067672729492
qwen1.5b-treerl-6-2-1-2-lr5e-6-150,13,0.5,0.875,0.01198201155057177,-0.011914228613022715,0.13531529949977994,723.0,0.15373611450195312,1.0,21.416818618774414,23.301959991455078
qwen1.5b-treerl-6-2-1-2-lr5e-6-150,14,0.53125,1.0,0.002030641004239442,-0.002014540590607794,0.222935231635347,856.984375,0.10085868835449219,1.0,27.26168441772461,29.432825088500977
qwen1.5b-treerl-6-2-1-2-lr5e-6-150,15,0.4375,0.875,0.045740178728010505,-0.04575409379322082,0.18296426464803517,910.546875,0.16592025756835938,1.0,31.465171813964844,33.844261169433594
qwen1.5b-treerl-6-2-1-2-lr5e-6-150,16,0.640625,1.0,0.11702212540694745,-0.11706820596737089,0.20366464788094163,800.796875,0.10828399658203125,1.0,26.66457748413086,29.03721809387207
qwen1.5b-treerl-6-2-1-2-lr5e-6-150,17,0.53125,1.0,-0.0024600354954600334,0.0024857395910657942,0.17387796100229025,827.109375,0.12957382202148438,1.0,31.736610412597656,34.43730163574219
qwen1.5b-treerl-6-2-1-2-lr5e-6-150,18,0.53125,0.875,0.16315390297677368,-0.16318369680084288,0.16943516512401402,865.484375,0.09651947021484375,1.0,27.868000030517578,31.247528076171875
qwen1.5b-treerl-6-2-1-2-lr5e-6-150,19,0.6875,1.0,0.1722032279940322,-0.14842535823117942,0.16178339277394116,706.09375,0.17279815673828125,0.96875,30.490461349487305,32.695247650146484
qwen1.5b-treerl-6-2-1-2-lr5e-6-150,20,0.5625,1.0,0.10509152588201687,-0.10514726099791005,0.28594154003076255,735.78125,0.14006805419921875,1.0,22.260997772216797,24.068185806274414
qwen1.5b-treerl-6-2-1-2-lr5e-6-150,21,0.4375,0.75,0.04243793951172847,-0.042407105618622154,0.21621772972866893,746.765625,0.118865966796875,1.0,25.56334114074707,27.977216720581055
qwen1.5b-treerl-6-2-1-2-lr5e-6-150,22,0.46875,0.875,-0.023419046978233382,0.053227132331812754,0.15050390921533108,780.0,0.24074554443359375,0.96875,29.945755004882812,32.66621780395508
qwen1.5b-treerl-6-2-1-2-lr5e-6-150,23,0.4375,1.0,0.0077194428304210305,-0.007723394897766411,0.22453726246021688,889.828125,0.116455078125,1.0,24.97186851501465,27.745384216308594
qwen1.5b-treerl-6-2-1-2-lr5e-6-150,24,0.59375,1.0,0.02423000178532675,-0.024193817982450128,0.18968109763227403,769.875,0.10019683837890625,1.0,23.96775245666504,26.18498992919922
qwen1.5b-treerl-6-2-1-2-lr5e-6-150,25,0.421875,1.0,0.061495546193327755,-0.06039208045694977,0.1857873115222901,843.265625,0.3187408447265625,0.984375,29.661561965942383,31.957134246826172
qwen1.5b-treerl-6-2-1-2-lr5e-6-150,26,0.5625,1.0,0.04798355000093579,-0.042888249387033284,0.35989084211178124,844.078125,0.15401458740234375,0.953125,32.874691009521484,34.9994010925293
qwen1.5b-treerl-6-2-1-2-lr5e-6-150,27,0.546875,1.0,0.06750976663897745,-0.045703575160587206,0.2342250852379948,1013.25,0.11370468139648438,0.984375,33.232933044433594,36.077632904052734
qwen1.5b-treerl-6-2-1-2-lr5e-6-150,28,0.5,0.875,0.07299967930885032,-0.07291745615657419,0.17804699763655663,873.28125,0.10870361328125,1.0,30.504125595092773,32.76139831542969
qwen1.5b-treerl-6-2-1-2-lr5e-6-150,29,0.578125,1.0,0.10089075060386676,-0.10092485618952196,0.14727362291887403,808.90625,0.12255096435546875,1.0,29.200084686279297,31.32512855529785
qwen1.5b-treerl-6-2-1-2-lr5e-6-150,30,0.3125,1.0,0.014122648310149089,-0.014249534695409238,0.2294221476186067,731.6875,0.20992279052734375,1.0,31.34658432006836,33.41826248168945
qwen1.5b-treerl-6-2-1-2-lr5e-6-150,31,0.40625,0.75,0.08431129832752049,-0.08425532118417323,0.21770761557854712,832.953125,0.12669754028320312,1.0,29.905200958251953,32.15899658203125
qwen1.5b-treerl-6-2-1-2-lr5e-6-150,32,0.609375,1.0,0.024446863099001348,-0.02444658154854551,0.14773152372799814,868.09375,0.09986686706542969,1.0,31.203781127929688,34.584659576416016
qwen1.5b-treerl-6-2-1-2-lr5e-6-150,33,0.515625,0.875,-0.01616433443268761,0.016238761134445667,0.15202368539758027,925.34375,0.10076332092285156,1.0,30.1910400390625,33.050174713134766
qwen1.5b-treerl-6-2-1-2-lr5e-6-150,34,0.5,1.0,-0.0077475839061662555,0.007724641123786569,0.16817007982172072,811.578125,0.1434192657470703,1.0,27.715740203857422,29.98603630065918
qwen1.5b-treerl-6-2-1-2-lr5e-6-150,35,0.625,1.0,0.02083422351279296,-0.020826052641496062,0.18112737778574228,834.78125,0.10657882690429688,1.0,21.257118225097656,23.751609802246094
qwen1.5b-treerl-6-2-1-2-lr5e-6-150,36,0.640625,1.0,0.14423703984357417,-0.1442893900675699,0.1436719868797809,640.953125,0.2351226806640625,1.0,20.133163452148438,22.424789428710938
qwen1.5b-treerl-6-2-1-2-lr5e-6-150,37,0.59375,1.0,-0.011878608143888414,0.01189951179549098,0.25902678072452545,880.859375,0.097442626953125,1.0,28.11996841430664,30.297321319580078
qwen1.5b-treerl-6-2-1-2-lr5e-6-150,38,0.328125,0.75,0.06539162521949038,-0.06538314477074891,0.17008095514029264,799.75,0.1049346923828125,1.0,22.991073608398438,25.315610885620117
qwen1.5b-treerl-6-2-1-2-lr5e-6-150,39,0.296875,1.0,-0.02108032745309174,0.027151084737852216,0.14328989456407726,832.0,0.11557388305664062,0.96875,30.684181213378906,33.29383087158203
qwen1.5b-treerl-6-2-1-2-lr5e-6-150,40,0.421875,1.0,-0.06437556492164731,0.06437240386730991,0.17629276448860765,936.796875,0.10523796081542969,1.0,29.83745002746582,32.144134521484375
qwen1.5b-treerl-6-2-1-2-lr5e-6-150,41,0.53125,0.875,0.12478687887778506,-0.10942565451841801,0.16885407455265522,823.515625,0.1499042510986328,0.984375,35.342010498046875,38.09841537475586
qwen1.5b-treerl-6-2-1-2-lr5e-6-150,42,0.484375,0.875,-0.002678474527783692,0.0026847810950130224,0.14924777764827013,1121.53125,0.07880973815917969,1.0,28.803157806396484,31.681976318359375
qwen1.5b-treerl-6-2-1-2-lr5e-6-150,43,0.453125,1.0,-0.01968621529522352,0.019737859693123028,0.09964576363563538,1043.03125,0.0940093994140625,1.0,30.765830993652344,33.48860549926758
qwen1.5b-treerl-6-2-1-2-lr5e-6-150,44,0.484375,1.0,-0.01611221593338996,0.01608648750698194,0.14678132464177907,686.265625,0.14922332763671875,1.0,25.11579132080078,27.12752342224121
qwen1.5b-treerl-6-2-1-2-lr5e-6-150,45,0.515625,1.0,0.07104086727485992,-0.07102669059531763,0.1942877653054893,840.75,0.2723655700683594,1.0,32.816505432128906,35.100914001464844
qwen1.5b-treerl-6-2-1-2-lr5e-6-150,46,0.34375,1.0,0.04473930501262657,-0.044698951503960416,0.4007575176656246,809.40625,0.1140289306640625,1.0,32.809288024902344,35.0151252746582
qwen1.5b-treerl-6-2-1-2-lr5e-6-150,47,0.59375,1.0,0.1854579719947651,-0.17393312155036256,0.14506684080697596,915.703125,0.12857818603515625,0.984375,29.62713050842285,32.00611877441406
qwen1.5b-treerl-6-2-1-2-lr5e-6-150,48,0.296875,1.0,0.12447126628831029,-0.06696876490605064,0.1898412243463099,1021.65625,0.1275787353515625,0.96875,33.29823684692383,36.17688751220703
qwen1.5b-treerl-6-2-1-2-lr5e-6-150,49,0.53125,1.0,0.0678317237761803,-0.06787020521005616,0.1441741520538926,802.40625,0.2780952453613281,1.0,30.426645278930664,32.91899490356445
qwen1.5b-treerl-6-2-1-2-lr5e-6-150,50,0.328125,0.75,0.07041485444642603,-0.032997046364471316,0.16694138199090958,1046.359375,0.10019302368164062,0.953125,36.043540954589844,39.083770751953125
qwen1.5b-treerl-6-2-1-2-lr5e-6-150,51,0.578125,1.0,0.23713146790396422,-0.23714064649539068,0.15513882762752473,938.9375,0.171112060546875,1.0,33.31764602661133,36.451568603515625
qwen1.5b-treerl-6-2-1-2-lr5e-6-150,52,0.4375,1.0,0.011427728517446667,0.01897156090126373,0.2687445995397866,803.75,0.0941009521484375,0.984375,32.42488098144531,35.202205657958984
qwen1.5b-treerl-6-2-1-2-lr5e-6-150,53,0.671875,1.0,0.040472754262737,-0.04055365671956679,0.1742128797341138,847.703125,0.09162712097167969,1.0,27.07671546936035,29.10028648376465
qwen1.5b-treerl-6-2-1-2-lr5e-6-150,54,0.5625,1.0,0.06340351817198098,-0.05008180218283087,0.1600942318327725,965.65625,0.190887451171875,0.984375,30.584735870361328,33.36393737792969
qwen1.5b-treerl-6-2-1-2-lr5e-6-150,55,0.59375,1.0,0.08868678484577686,-0.08866288559511304,0.2174377569463104,737.609375,0.15500259399414062,1.0,30.181211471557617,32.46788024902344
qwen1.5b-treerl-6-2-1-2-lr5e-6-150,56,0.53125,1.0,0.08764775953022763,-0.07339321423205547,0.27366674575023353,996.25,0.09304046630859375,0.96875,34.98796081542969,37.48833465576172
qwen1.5b-treerl-6-2-1-2-lr5e-6-150,57,0.46875,1.0,-0.013548708986490965,0.02611700468696654,0.18023560545407236,794.171875,0.30865478515625,0.96875,31.732223510742188,34.09119415283203
qwen1.5b-treerl-6-2-1-2-lr5e-6-150,58,0.40625,1.0,-0.00892970326822251,0.008963494095951319,0.32696178019978106,728.078125,0.10541915893554688,1.0,30.314191818237305,33.09382247924805
qwen1.5b-treerl-6-2-1-2-lr5e-6-150,59,0.5,1.0,0.005276796931866556,-0.00522055133478716,0.21433199779130518,848.40625,0.07747459411621094,1.0,28.01877212524414,30.343860626220703
qwen1.5b-treerl-6-2-1-2-lr5e-6-150,60,0.421875,0.75,0.023553786173579283,-0.012952773304277798,0.15398112311959267,876.859375,0.13639068603515625,0.984375,28.585521697998047,31.077804565429688
qwen1.5b-treerl-6-2-1-2-lr5e-6-150,61,0.59375,1.0,0.14373099489603192,-0.14381967030931264,0.17939463793300092,792.265625,0.08817863464355469,1.0,24.614776611328125,26.626022338867188
qwen1.5b-treerl-6-2-1-2-lr5e-6-150,62,0.734375,1.0,0.0015880615101195872,-0.0015884218155406415,0.20236284215934575,849.375,0.10368728637695312,1.0,35.61808395385742,37.78990173339844
qwen1.5b-treerl-6-2-1-2-lr5e-6-150,63,0.4375,1.0,-0.037790791189763695,0.037729790376033634,0.11264743702486157,898.734375,0.11313629150390625,1.0,30.683839797973633,33.80487060546875
qwen1.5b-treerl-6-2-1-2-lr5e-6-150,64,0.625,1.0,0.07917569822166115,-0.07913971855305135,0.18335270113311708,840.4375,0.0832977294921875,1.0,27.593473434448242,30.016298294067383
qwen1.5b-treerl-6-2-1-2-lr5e-6-150,65,0.53125,1.0,-0.008089366485364735,0.008092257776297629,0.12264267983846366,983.515625,0.08629989624023438,1.0,32.48164367675781,35.34461975097656
qwen1.5b-treerl-6-2-1-2-lr5e-6-150,66,0.359375,0.875,-0.022239004378207028,0.025566560565494,0.14649772411212325,956.21875,0.09814453125,1.0,33.175472259521484,35.88765335083008
qwen1.5b-treerl-6-2-1-2-lr5e-6-150,67,0.515625,0.875,0.01771800045389682,-0.01771364180603996,0.1549381040968001,821.328125,0.11491012573242188,1.0,29.571502685546875,32.368011474609375
qwen1.5b-treerl-6-2-1-2-lr5e-6-150,68,0.34375,1.0,-0.04350027668988332,0.04348295275121927,0.13311011483892798,883.671875,0.1758880615234375,1.0,24.836570739746094,27.611047744750977
qwen1.5b-treerl-6-2-1-2-lr5e-6-150,69,0.5625,0.875,0.007547490124125034,-0.007569769921246916,0.22066614590585232,838.296875,0.11104202270507812,1.0,25.197181701660156,27.518491744995117
qwen1.5b-treerl-6-2-1-2-lr5e-6-150,70,0.578125,0.875,0.11173683777451515,-0.10874759475700557,0.1252239595633,901.359375,0.17956924438476562,0.984375,30.221426010131836,33.098045349121094
qwen1.5b-treerl-6-2-1-2-lr5e-6-150,71,0.5,1.0,0.1163124535814859,-0.09516973287099972,0.17231010203249753,780.140625,0.20752716064453125,0.96875,31.38553810119629,33.638328552246094
qwen1.5b-treerl-6-2-1-2-lr5e-6-150,72,0.4375,1.0,0.02412145139533095,-0.024184530338970944,0.22945399535819888,793.53125,0.11086654663085938,1.0,26.666603088378906,28.892440795898438
qwen1.5b-treerl-6-2-1-2-lr5e-6-150,73,0.578125,1.0,0.05621190456440672,-0.05626784253399819,0.2016926291398704,958.75,0.08235359191894531,1.0,31.09872055053711,33.849342346191406
qwen1.5b-treerl-6-2-1-2-lr5e-6-150,74,0.671875,1.0,0.014239517040550709,-0.01420028688153252,0.15029590553604066,762.984375,0.12726593017578125,1.0,22.23028564453125,24.555139541625977
qwen1.5b-treerl-6-2-1-2-lr5e-6-150,75,0.765625,1.0,0.09309383411891758,-0.09302866156212986,0.20045446685981005,940.921875,0.088623046875,1.0,28.6650447845459,31.01386070251465
qwen1.5b-treerl-6-2-1-2-lr5e-6-150,76,0.40625,0.875,0.04004890413489193,-0.03996035800082609,0.09743379999417812,810.5625,0.07834434509277344,1.0,27.94144630432129,30.279510498046875
qwen1.5b-treerl-6-2-1-2-lr5e-6-150,77,0.390625,1.0,0.08469178149243817,-0.07831544388318434,0.1493810338433832,811.046875,0.12051773071289062,0.96875,26.964008331298828,29.598146438598633
qwen1.5b-treerl-6-2-1-2-lr5e-6-150,78,0.46875,1.0,0.08437670797866303,-0.08441977339680307,0.21110772085376084,861.5,0.11985397338867188,1.0,28.19033432006836,30.74498748779297
qwen1.5b-treerl-6-2-1-2-lr5e-6-150,79,0.5625,0.875,0.04332221730146557,-0.04329891788074747,0.20870657660998404,918.3125,0.0918731689453125,1.0,25.534934997558594,28.002735137939453
qwen1.5b-treerl-6-2-1-2-lr5e-6-150,80,0.5,0.875,0.1471962515206542,-0.14719758444698527,0.15363973705098033,970.875,0.0932769775390625,1.0,29.416486740112305,32.2011833190918
qwen1.5b-treerl-6-2-1-2-lr5e-6-150,81,0.5,1.0,0.058547962456941605,-0.05480751278810203,0.11818036111071706,764.875,0.09576034545898438,0.984375,27.20826530456543,29.809036254882812
qwen1.5b-treerl-6-2-1-2-lr5e-6-150,82,0.59375,1.0,0.05226655006117653,-0.05229993857210502,0.23370000789873302,840.84375,0.10837936401367188,1.0,27.855403900146484,30.00230598449707
qwen1.5b-treerl-6-2-1-2-lr5e-6-150,83,0.28125,0.75,-0.0337776408996433,0.033741953782737255,0.2310085583012551,935.40625,0.10374641418457031,1.0,29.341445922851562,31.775951385498047
qwen1.5b-treerl-6-2-1-2-lr5e-6-150,84,0.453125,0.875,0.0627182258758694,-0.04986035428009927,0.17990615754388273,1128.515625,0.09080314636230469,0.984375,35.38504409790039,38.21099090576172
qwen1.5b-treerl-6-2-1-2-lr5e-6-150,85,0.5625,0.875,0.09106766944751143,-0.09109749749768525,0.14695055154152215,650.078125,0.0834503173828125,1.0,16.595417022705078,18.51310157775879
qwen1.5b-treerl-6-2-1-2-lr5e-6-150,86,0.53125,1.0,0.015269345371052623,-0.015325181651860476,0.1882270285859704,876.734375,0.09729766845703125,1.0,32.92898941040039,35.77899932861328
qwen1.5b-treerl-6-2-1-2-lr5e-6-150,87,0.609375,1.0,-0.0027026082389056683,0.0027318315987940878,0.2064186290372163,848.1875,0.14286422729492188,1.0,29.664958953857422,32.43959426879883
qwen1.5b-treerl-6-2-1-2-lr5e-6-150,88,0.578125,1.0,0.08110913098789752,-0.08111979987006634,0.2375686508603394,836.640625,0.1077423095703125,1.0,26.684019088745117,29.123302459716797
qwen1.5b-treerl-6-2-1-2-lr5e-6-150,89,0.375,1.0,-0.006312569064903073,0.006010405297274701,0.17391259665600955,974.125,0.1579570770263672,1.0,33.02592849731445,35.83366775512695
qwen1.5b-treerl-6-2-1-2-lr5e-6-150,90,0.59375,1.0,-0.008232521242462099,0.034759465139359236,0.22525899531319737,827.328125,0.14347076416015625,0.96875,31.31037712097168,33.97620391845703
qwen1.5b-treerl-6-2-1-2-lr5e-6-150,91,0.453125,1.0,0.05612093152012676,-0.041443590132985264,0.22899549105204642,770.46875,0.10706710815429688,0.984375,28.775720596313477,31.332368850708008
qwen1.5b-treerl-6-2-1-2-lr5e-6-150,92,0.484375,1.0,-0.05654311127727851,0.0630343637894839,0.19080806174315512,863.296875,0.0913543701171875,0.96875,31.62096405029297,34.404544830322266
qwen1.5b-treerl-6-2-1-2-lr5e-6-150,93,0.625,1.0,0.14311143680242822,-0.14577096732682548,0.1882234464865178,1085.140625,0.07369613647460938,0.984375,32.34608459472656,35.02032470703125
qwen1.5b-treerl-6-2-1-2-lr5e-6-150,94,0.515625,1.0,0.10127862414810807,-0.10132595174945891,0.16458880458958447,866.6875,0.08913993835449219,1.0,25.58621597290039,28.084779739379883
qwen1.5b-treerl-6-2-1-2-lr5e-6-150,95,0.6875,1.0,0.0006139431206975132,-0.0005690701655112207,0.18203130783513188,917.3125,0.10615921020507812,1.0,31.737092971801758,34.48056411743164
qwen1.5b-treerl-6-2-1-2-lr5e-6-150,96,0.5,1.0,0.18703948575421236,-0.1777443855535239,0.14776283432729542,893.46875,0.07943344116210938,0.984375,28.99382972717285,31.66181755065918
qwen1.5b-treerl-6-2-1-2-lr5e-6-150,97,0.5625,1.0,0.020089025259949267,-0.02005522875697352,0.17495129071176052,976.59375,0.12472152709960938,1.0,31.601675033569336,34.441097259521484
qwen1.5b-treerl-6-2-1-2-lr5e-6-150,98,0.75,1.0,0.06259367289021611,-0.056233528652228415,0.2021051710471511,795.796875,0.06500434875488281,0.984375,28.02178955078125,30.31100082397461
qwen1.5b-treerl-6-2-1-2-lr5e-6-150,99,0.546875,1.0,0.09047463489696383,-0.08373258402571082,0.16237504757009447,1040.34375,0.2096843719482422,0.953125,35.36436462402344,38.20553207397461
qwen1.5b-treerl-6-2-1-2-lr5e-6-150,100,0.640625,1.0,-0.09221951432118658,0.09227715128508862,0.15100232581607997,916.546875,0.09959793090820312,1.0,32.0810432434082,34.461769104003906
qwen1.5b-treerl-6-2-1-2-lr5e-6-150,101,0.484375,1.0,0.038417577308791806,0.006256802260395489,0.19838663446716964,804.140625,0.3661994934082031,0.96875,31.95884132385254,34.37866973876953
qwen1.5b-treerl-6-2-1-2-lr5e-6-150,102,0.6875,1.0,0.0006746659928467125,0.004193203007162083,0.2550232298672199,799.265625,0.08633613586425781,1.0,28.58270263671875,30.822723388671875
qwen1.5b-treerl-6-2-1-2-lr5e-6-150,103,0.71875,1.0,0.032485836069099605,-0.03244488826021552,0.15603082254529,921.671875,0.07203102111816406,1.0,29.956113815307617,32.574066162109375
qwen1.5b-treerl-6-2-1-2-lr5e-6-150,104,0.578125,1.0,0.11597790638916194,-0.11607543472200632,0.1513893543742597,829.28125,0.08574295043945312,1.0,28.60248565673828,31.40751075744629
qwen1.5b-treerl-6-2-1-2-lr5e-6-150,105,0.578125,0.875,0.09715296135982499,-0.06582384777721018,0.22256967145949602,974.5,0.08923149108886719,0.96875,33.547119140625,36.22730255126953
qwen1.5b-treerl-6-2-1-2-lr5e-6-150,106,0.53125,1.0,0.07736426311021205,-0.06521488178987056,0.1369690764695406,1026.703125,0.07829856872558594,0.984375,35.17063522338867,37.994293212890625
qwen1.5b-treerl-6-2-1-2-lr5e-6-150,107,0.46875,1.0,0.08669854840263724,-0.052471842616796494,0.1555549162440002,755.21875,0.381103515625,0.96875,28.31127166748047,30.89578628540039
qwen1.5b-treerl-6-2-1-2-lr5e-6-150,108,0.421875,1.0,-0.04044553048152011,0.04036511716549285,0.4915561801753938,936.703125,0.08765983581542969,1.0,26.025541305541992,28.574466705322266
qwen1.5b-treerl-6-2-1-2-lr5e-6-150,109,0.421875,0.875,0.09066383677418344,-0.060608923580730334,0.17305044690147042,1033.84375,0.09140205383300781,0.953125,33.90260696411133,37.47184753417969
qwen1.5b-treerl-6-2-1-2-lr5e-6-150,110,0.484375,1.0,0.1364005320938304,-0.11059017211664468,0.2208128261845559,1019.390625,0.09168243408203125,0.953125,38.292388916015625,41.118621826171875
qwen1.5b-treerl-6-2-1-2-lr5e-6-150,111,0.5625,1.0,-0.007097912312019616,0.005819101294036955,0.16536897886544466,887.65625,0.08972930908203125,0.96875,29.666650772094727,32.50225067138672
qwen1.5b-treerl-6-2-1-2-lr5e-6-150,112,0.390625,1.0,0.034637593547813594,-0.01217594719491899,0.1654584053903818,856.90625,0.07520103454589844,0.953125,33.18057632446289,35.670753479003906
qwen1.5b-treerl-6-2-1-2-lr5e-6-150,113,0.46875,1.0,0.07335428301303182,-0.07046171266119927,0.17374395369552076,860.015625,0.09982872009277344,0.984375,35.39533233642578,38.23518371582031
qwen1.5b-treerl-6-2-1-2-lr5e-6-150,114,0.46875,0.875,-0.06047895472147502,0.0604261331318412,0.3803733482491225,734.34375,0.11850738525390625,1.0,26.208295822143555,28.86620330810547
qwen1.5b-treerl-6-2-1-2-lr5e-6-150,115,0.25,0.875,-0.009997958695748821,0.025312481875516823,0.21733922977000475,890.53125,0.12017440795898438,0.984375,32.468910217285156,35.34336471557617
qwen1.5b-treerl-6-2-1-2-lr5e-6-150,116,0.4375,0.75,-0.0032343993661925197,0.0031888127559795976,0.17294362816028297,768.4375,0.12419319152832031,1.0,28.12750244140625,30.03185272216797
qwen1.5b-treerl-6-2-1-2-lr5e-6-150,117,0.421875,0.875,0.09766788105480373,-0.09768101788358763,0.2016704143024981,881.109375,0.09998512268066406,1.0,29.6711368560791,32.60052490234375
qwen1.5b-treerl-6-2-1-2-lr5e-6-150,118,0.59375,1.0,0.08724949788302183,-0.08725421712733805,0.16673088539391756,811.25,0.06815147399902344,1.0,29.105030059814453,31.462329864501953
qwen1.5b-treerl-6-2-1-2-lr5e-6-150,119,0.375,0.75,0.08688807173166424,-0.06119059293996543,0.1669280129717663,989.15625,0.09428596496582031,0.984375,34.36463165283203,37.16358184814453
qwen1.5b-treerl-6-2-1-2-lr5e-6-150,120,0.359375,0.875,-0.036398491356521845,0.03638477029744536,0.10932991828303784,688.09375,0.23835372924804688,1.0,20.42700958251953,22.264116287231445
qwen1.5b-treerl-6-2-1-2-lr5e-6-150,121,0.4375,0.75,0.1382586951367557,-0.1279528229497373,0.2321398165076971,1013.515625,0.3127479553222656,0.953125,35.649803161621094,38.824520111083984
qwen1.5b-treerl-6-2-1-2-lr5e-6-150,122,0.59375,1.0,-0.010654802992576151,0.010578190518572228,0.34973999951034784,812.171875,0.10076141357421875,1.0,23.64474868774414,26.03112030029297
qwen1.5b-treerl-6-2-1-2-lr5e-6-150,123,0.59375,0.875,-0.0688902685942594,0.06886386222322471,0.14058571588248014,811.84375,0.16062545776367188,1.0,32.748924255371094,34.977561950683594
qwen1.5b-treerl-6-2-1-2-lr5e-6-150,124,0.625,0.875,0.11977635392031516,-0.11982936780623277,0.34927477058954537,852.0625,0.09199905395507812,1.0,27.959083557128906,30.11495590209961
qwen1.5b-treerl-6-2-1-2-lr5e-6-150,125,0.453125,0.875,0.06500029744347557,-0.06496659683762118,0.14827591832727194,727.5,0.09254074096679688,1.0,22.56000328063965,24.46199607849121
qwen1.5b-treerl-6-2-1-2-lr5e-6-150,126,0.453125,1.0,-0.019409612141316757,0.019491575396386907,0.1675831547472626,869.65625,0.0841827392578125,1.0,28.241300582885742,30.485746383666992
qwen1.5b-treerl-6-2-1-2-lr5e-6-150,127,0.46875,0.875,0.08091611333657056,-0.06736044751596637,0.1221912030596286,811.390625,0.17181015014648438,0.984375,30.226417541503906,32.89107131958008
qwen1.5b-treerl-6-2-1-2-lr5e-6-150,128,0.5625,0.875,0.011967318831011653,-0.011947450926527381,0.18713828385807574,744.203125,0.09771919250488281,1.0,23.530458450317383,26.27660369873047
qwen1.5b-treerl-6-2-1-2-lr5e-6-150,129,0.546875,1.0,0.12177961354245781,-0.12171901365582016,0.17507833801209927,930.875,0.07483863830566406,1.0,33.95448303222656,36.835731506347656
qwen1.5b-treerl-6-2-1-2-lr5e-6-150,130,0.5,0.875,0.030446187302004546,-0.030457107990514487,0.18906963849440217,902.1875,0.08775138854980469,1.0,30.836793899536133,33.177764892578125
qwen1.5b-treerl-6-2-1-2-lr5e-6-150,131,0.421875,0.875,0.05497301265131682,-0.05496305413544178,0.13840680196881294,842.65625,0.10454177856445312,1.0,25.10153579711914,27.29497718811035
qwen1.5b-treerl-6-2-1-2-lr5e-6-150,132,0.671875,1.0,0.15406029287260026,-0.1540925941662863,0.2999586605001241,811.140625,0.10594940185546875,1.0,31.40907096862793,34.211421966552734
qwen1.5b-treerl-6-2-1-2-lr5e-6-150,133,0.40625,1.0,0.0032976283691823483,0.005117155960761011,0.16381548042409122,855.421875,0.08917617797851562,0.984375,28.478466033935547,31.152088165283203
qwen1.5b-treerl-6-2-1-2-lr5e-6-150,134,0.484375,1.0,-0.00041281559970229864,0.03877173061482608,0.2049257759936154,900.71875,0.076080322265625,0.953125,29.897565841674805,32.66128921508789
qwen1.5b-treerl-6-2-1-2-lr5e-6-150,135,0.53125,1.0,0.09988720738328993,-0.07242147752549499,0.20773216849192977,917.96875,0.3621253967285156,0.9375,33.918697357177734,36.723716735839844
qwen1.5b-treerl-6-2-1-2-lr5e-6-150,136,0.203125,0.875,0.06227539645624347,-0.06227975367801264,0.26518143992871046,734.140625,0.3575706481933594,1.0,25.087200164794922,27.912490844726562
qwen1.5b-treerl-6-2-1-2-lr5e-6-150,137,0.328125,1.0,0.008439338649623096,-0.008440311110462062,0.19326076284050941,776.15625,0.3407630920410156,1.0,32.60478973388672,35.59992218017578
qwen1.5b-treerl-6-2-1-2-lr5e-6-150,138,0.4375,0.75,0.003174321842379868,-0.003196008736267686,0.36068132193759084,775.28125,0.10491943359375,1.0,37.08681106567383,40.087337493896484
qwen1.5b-treerl-6-2-1-2-lr5e-6-150,139,0.515625,1.0,0.025861724454443902,-0.02641169639537111,0.18710120441392064,866.578125,0.10509300231933594,0.984375,33.949363708496094,36.9859619140625
qwen1.5b-treerl-6-2-1-2-lr5e-6-150,140,0.296875,1.0,-0.03240388119593263,0.041588879365008324,0.20707822404801846,993.921875,0.09222030639648438,0.984375,40.43296813964844,43.58345031738281
qwen1.5b-treerl-6-2-1-2-lr5e-6-150,141,0.609375,1.0,0.07525475820875727,-0.04763028243905865,0.1574048912152648,879.984375,0.07720375061035156,0.96875,38.67924499511719,41.70029830932617
qwen1.5b-treerl-6-2-1-2-lr5e-6-150,142,0.515625,1.0,0.054404577414970845,-0.05440053989877924,0.17773514008149505,737.859375,0.07415008544921875,1.0,23.949399948120117,26.516845703125
qwen1.5b-treerl-6-2-1-2-lr5e-6-150,143,0.5,1.0,0.08307771306135692,-0.08302332641324028,0.17412082781083882,982.734375,0.06235504150390625,1.0,38.21102523803711,41.27617645263672
qwen1.5b-treerl-6-2-1-2-lr5e-6-150,144,0.703125,1.0,0.05077861926110927,-0.05078495663474314,0.1449634968303144,858.109375,0.0946502685546875,1.0,27.157920837402344,29.293132781982422
qwen1.5b-treerl-6-2-1-2-lr5e-6-150,145,0.375,0.875,0.03306064661592245,-0.033063753973692656,0.1539677509572357,908.71875,0.08341789245605469,1.0,40.37088394165039,43.001564025878906
qwen1.5b-treerl-6-2-1-2-lr5e-6-150,146,0.515625,1.0,0.12379167973995209,-0.12373882695101202,0.16309848264791071,822.375,0.10522270202636719,1.0,26.050657272338867,28.21868133544922
qwen1.5b-treerl-6-2-1-2-lr5e-6-150,147,0.515625,0.75,0.04474391165422276,-0.029093087126966566,0.22662972146645188,820.71875,0.07600784301757812,0.984375,25.662715911865234,28.257089614868164
qwen1.5b-treerl-6-2-1-2-lr5e-6-150,148,0.53125,0.875,0.03000770532526076,-0.029980255640111864,0.12987443059682846,601.671875,0.05663108825683594,1.0,18.99622344970703,20.792158126831055
qwen1.5b-treerl-6-2-1-2-lr5e-6-150,149,0.46875,0.875,0.02726594195701182,-0.027214958099648356,0.17883989377878606,831.515625,0.08696365356445312,1.0,29.89427947998047,32.00973892211914
qwen1.5b-treerl-6-2-1-2-lr5e-6-150,150,0.75,1.0,0.12770042044576257,-0.12771565571893007,0.17087062657810748,737.1875,0.0888214111328125,1.0,26.687965393066406,28.65825653076172
qwen1.5b-treerl-6-2-1-2,1,0.34375,0.75,0.02023161356919445,-0.02018542861333117,0.00249033747240901,627.15625,0.15080642700195312,1.0,65.5312728881836,68.60332489013672
qwen1.5b-treerl-6-2-1-2,2,0.5,1.0,0.003200871520675719,-0.0032288721995428205,0.16006410401314497,819.828125,0.15218734741210938,1.0,24.334453582763672,26.686054229736328
qwen1.5b-treerl-6-2-1-2,3,0.609375,1.0,0.0736070285202004,-0.07356717088259757,0.20348932617343962,794.984375,0.11724090576171875,1.0,24.852323532104492,27.359586715698242
qwen1.5b-treerl-6-2-1-2,4,0.640625,1.0,-0.004485668789129704,0.004511749022640288,0.22933653742074966,810.109375,0.1042327880859375,1.0,24.8391056060791,26.83620262145996
qwen1.5b-treerl-6-2-1-2,5,0.6875,1.0,0.07814625679748133,-0.07823133608326316,0.16143137798644602,847.109375,0.11757850646972656,1.0,31.571950912475586,33.94703674316406
qwen1.5b-treerl-6-2-1-2,6,0.390625,1.0,0.0925057259737514,-0.09258410555776209,0.15746325114741921,768.609375,0.17298126220703125,1.0,28.67226219177246,30.723838806152344
qwen1.5b-treerl-6-2-1-2,7,0.390625,0.875,0.053936610696837306,-0.02398377103963867,0.28334969794377685,915.21875,0.09347915649414062,0.96875,31.377716064453125,34.35002517700195
qwen1.5b-treerl-6-2-1-2,8,0.46875,1.0,0.04836530506145209,-0.051113238907419145,0.15190205117687583,921.484375,0.09270858764648438,0.984375,33.05572509765625,35.528377532958984
qwen1.5b-treerl-6-2-1-2,9,0.390625,1.0,-0.026568691479042172,0.026566550601273775,0.12534249131567776,987.296875,0.1491718292236328,1.0,32.03016662597656,34.43705749511719
qwen1.5b-treerl-6-2-1-2,10,0.578125,0.875,0.11400588566903025,-0.11403670435538515,0.192188520450145,669.4375,0.10761451721191406,1.0,26.89644432067871,28.787490844726562
qwen1.5b-treerl-6-2-1-2,11,0.46875,1.0,-0.006123578117694706,0.02137617371045053,0.1916207850445062,935.6875,0.09648895263671875,0.96875,30.894062042236328,33.59640884399414
qwen1.5b-treerl-6-2-1-2,12,0.46875,1.0,0.03732434508856386,-0.03733374923467636,0.12853801529854536,889.765625,0.11085891723632812,1.0,28.479427337646484,31.246793746948242
qwen1.5b-treerl-6-2-1-2,13,0.46875,1.0,0.030153677915222943,-0.030175742809660733,0.17524196323938668,869.046875,0.15744781494140625,1.0,25.638938903808594,28.152629852294922
qwen1.5b-treerl-6-2-1-2,14,0.609375,1.0,0.12761942358338274,-0.1276662534510251,0.20087173068895936,927.203125,0.2809562683105469,1.0,33.13294982910156,35.897361755371094
qwen1.5b-treerl-6-2-1-2,15,0.359375,1.0,0.01396926365850959,-0.014050397410755977,0.1920583180617541,801.578125,0.15298843383789062,1.0,26.776220321655273,29.473596572875977
qwen1.5b-treerl-6-2-1-2,16,0.375,1.0,-0.005711470730602741,0.016815197537653148,0.2090272840578109,997.171875,0.13283157348632812,0.984375,27.76604461669922,30.809812545776367
qwen1.5b-treerl-6-2-1-2,17,0.59375,0.875,-0.02642869541887194,0.026473429228644818,0.17059662216342986,884.140625,0.11783981323242188,1.0,53.49592590332031,55.795379638671875
qwen1.5b-treerl-6-2-1-2,18,0.53125,1.0,0.04525354580255225,-0.04538162756944075,0.14713779417797923,817.234375,0.1826648712158203,1.0,28.246095657348633,30.71723747253418
qwen1.5b-treerl-6-2-1-2,19,0.5,0.875,0.04190506355371326,-0.030917804513592273,0.2944792341440916,875.265625,0.1130380630493164,0.984375,30.24890899658203,33.0554313659668
qwen1.5b-treerl-6-2-1-2,20,0.515625,1.0,-0.039745987684000283,0.03982374933548272,0.17897940939292312,924.390625,0.13959503173828125,1.0,29.683149337768555,32.52605056762695
qwen1.5b-treerl-6-2-1-2,21,0.578125,0.875,0.14948036149144173,-0.13498400867683813,0.26818293961696327,940.21875,0.2042694091796875,0.984375,31.811012268066406,34.63276290893555
qwen1.5b-treerl-6-2-1-2,22,0.5625,1.0,0.04623726356658153,-0.04619850523158675,0.19229430938139558,913.59375,0.09081268310546875,1.0,25.763507843017578,28.354745864868164
qwen1.5b-treerl-6-2-1-2,23,0.359375,1.0,0.007608297397382557,-0.011403565120417625,0.13438756437972188,972.3125,0.1261730194091797,0.984375,33.86865234375,37.302490234375
qwen1.5b-treerl-6-2-1-2,24,0.59375,1.0,0.04141690244432539,-0.041536409640684724,0.16972780297510326,797.390625,0.10546875,1.0,26.926738739013672,29.15211296081543
qwen1.5b-treerl-6-2-1-2,25,0.5,1.0,-0.02877364039886743,0.051401253207586706,0.18686449364759028,861.4375,0.13134002685546875,0.96875,30.16307830810547,32.804161071777344
qwen1.5b-treerl-6-2-1-2,26,0.6875,1.0,0.11617251522147853,-0.10274099343041598,0.1808212548494339,865.203125,0.0929107666015625,0.984375,73.78484344482422,78.96022033691406
qwen1.5b-treerl-6-2-1-2,27,0.390625,0.875,0.09123141270538326,-0.09132092442450812,0.17511571082286537,817.265625,0.12326431274414062,1.0,66.39189147949219,72.13818359375
qwen1.5b-treerl-6-2-1-2,28,0.359375,0.875,0.16521090536843985,-0.1651395196095109,0.1632242240011692,909.5,0.10194587707519531,1.0,75.790283203125,80.82084655761719
qwen1.5b-treerl-6-2-1-2,29,0.375,0.875,0.08233036450110376,-0.08231172093655914,0.16536660259589553,943.640625,0.12900924682617188,1.0,82.67818450927734,88.7638168334961
qwen1.5b-treerl-6-2-1-2,30,0.421875,1.0,0.08032732701394707,-0.07067527383333072,0.1603880359325558,872.703125,0.12761497497558594,0.984375,75.61141204833984,80.19798278808594
qwen1.5b-treerl-6-2-1-2,31,0.609375,1.0,0.09982957999454811,-0.099063383822795,0.1537011000327766,858.359375,0.1199798583984375,0.984375,69.20976257324219,74.1573257446289
qwen1.5b-treerl-6-2-1-2,32,0.390625,1.0,0.06457935768412426,-0.06467273336602375,0.20942042907699943,838.59375,0.21941375732421875,1.0,75.32562255859375,80.33071899414062
qwen1.5b-treerl-6-2-1-2,33,0.34375,0.875,0.16819322959054261,-0.1369553286349401,0.18739112466573715,892.140625,0.13006210327148438,0.96875,84.50135040283203,89.66500091552734
qwen1.5b-treerl-6-2-1-2,34,0.578125,1.0,0.05533987970557064,-0.04562937736045569,0.19225063570775092,828.921875,0.0960845947265625,0.953125,83.13571166992188,88.35834503173828
qwen1.5b-treerl-6-2-1-2,35,0.421875,1.0,0.12178244264759996,-0.12175419038885593,0.17228577029891312,846.03125,0.18096542358398438,1.0,81.56901550292969,86.0000991821289
qwen1.5b-treerl-6-2-1-2,36,0.40625,1.0,0.16768478858284652,-0.14079544239211828,0.2476481543853879,875.53125,0.16056442260742188,0.96875,83.18521118164062,88.35035705566406
qwen1.5b-treerl-6-2-1-2,37,0.5,1.0,0.1139990019146353,-0.05998292868025601,0.18960052845068276,915.140625,0.20404815673828125,0.953125,85.31108093261719,90.92806243896484
qwen1.5b-treerl-6-2-1-2,38,0.546875,1.0,0.06493122375104576,-0.06501388968899846,0.28981226589530706,819.125,0.2321929931640625,1.0,65.1255874633789,69.8380355834961
qwen1.5b-treerl-6-2-1-2,39,0.609375,1.0,0.015250559023115784,-0.015292931348085403,0.1901762317866087,777.15625,0.13479232788085938,1.0,70.23609924316406,75.5897445678711
qwen1.5b-treerl-6-2-1-2,40,0.5,0.875,0.13267386448569596,-0.13271646294742823,0.2046542689204216,778.34375,0.1779003143310547,1.0,52.25863265991211,56.792076110839844
