method,"(M,N,L,T)",leaves,tokens/problem,PassRate,i.i.d. PassRate at same tokens,mean acc,distinct answers,mixed-outcome trees
EPTree (B2),"(2,1,1,1)",4,2341,34.6%,34.0%,0.260,2.32,17%
EPTree (B2),"(2,3,1,1)",8,3925,40.2%,37.4%,0.258,3.56,27%
Random (B1),"(4,1,1,1)",8,4613,39.4%,38.4%,0.260,3.63,24%
EPTree (B2),"(4,1,1,1)",8,4622,39.8%,38.4%,0.262,3.65,25%
Random (B1),"(4,3,1,1)",16,7854,42.2%,41.8%,0.260,5.38,30%
EPTree (B2),"(4,3,1,1)",16,8031,43.0%,41.9%,0.258,5.53,32%
Random (B1),"(6,2,1,2)",30,14163,48.8%,45.5%,0.261,8.07,38%
EPTree (B2),"(6,2,1,2)",30,14457,48.8%,45.6%,0.258,8.41,39%
Random (B1),"(8,4,2,2)",136,51894,57.2%,nan%,0.263,19.92,48%
EPTree (B2),"(8,4,2,2)",136,52355,56.4%,nan%,0.257,21.07,48%
